Team,Goals For Per Game,Goals Allowed Per Game,+/- GPG,+/- GPG Z-Score,Hitting %,Opp Hitting %,+/- Hitting %,+/- Hitting % Z-Score,Points Per Game,Points Allowed Per Game,+/- PPG,+/- PPG Z-Score,Avg_Z_Score
Dayton,2.25,0.95,1.3,1.3435259677430835,0.302,0.131,0.17099999999999999,2.8356278531031434,,,,,2.0895769104231134
UT Arlington,,,,,0.281,0.157,0.12400000000000003,2.0360672375135267,,,,,2.0360672375135267
SFA,3.16,0.471,2.689,2.8072907203464488,0.241,0.173,0.068,1.0833992700024928,,,,,1.9453449951744708
Pittsburgh,2.22,1.222,0.9980000000000002,1.0252704203807972,0.336,0.109,0.22700000000000004,3.7882958206141777,36.7,25.11,11.590000000000003,0.7569646155959078,1.8568436188636275
Florida A&M,,,,,0.251,0.146,0.10500000000000001,1.7128406056794259,,,,,1.7128406056794259
Creighton,1.24,1.235,0.004999999999999893,-0.021179111177980367,0.318,0.127,0.191,3.175866412928513,,,,,1.5773436508752663
Texas,2.14,0.754,1.3860000000000001,1.4341550308992315,0.266,0.193,0.07300000000000001,1.1684589099588352,38.9,12.11,26.79,2.1004465537971,1.5676868315517225
South Dakota St.,1.95,0.71,1.24,1.2802963887969339,0.248,0.154,0.094,1.5257093977754728,,,,,1.4030028932862033
Lipscomb,2.29,0.614,1.6760000000000002,1.7397646624722884,0.26,0.2,0.06,0.9473038460723452,,,,,1.3435342542723168
Arkansas,3.61,0.714,2.896,3.0254327677106647,0.233,0.192,0.04100000000000001,0.6240772142382447,33.0,26.33,6.670000000000002,0.32210072507288995,1.3238702356739331
Penn St.,1.86,0.857,1.0030000000000001,1.0305395519596428,0.286,0.185,0.10099999999999998,1.6447928937143514,31.2,14.0,17.2,1.2528155151556897,1.3093826536098947
FGCU,2.26,1.1,1.1599999999999997,1.1959902835354006,0.249,0.162,0.087,1.4066259018365934,,,,,1.301308092685997
Bucknell,1.47,0.78,0.69,0.7006919151238952,0.234,0.119,0.11500000000000002,1.8829598855921106,,,,,1.2918259003580028
Col. of Charleston,2.1,0.85,1.25,1.2908346519546254,0.216,0.145,0.07100000000000001,1.1344350539762984,,,,,1.2126348529654618
Fairfield,2.48,0.762,1.718,1.784025367734593,0.239,0.198,0.04099999999999998,0.6240772142382442,,,,,1.2040512909864187
Princeton,2.17,0.556,1.6139999999999999,1.6744274308946,0.275,0.23,0.04500000000000001,0.6921249262033186,,,,,1.1832761785489594
Maine,1.82,0.706,1.114,1.1475142730100196,,,,,,,,,1.1475142730100196
Monmouth,1.95,0.85,1.1,1.1327607045892514,,,,,,,,,1.1327607045892514
Notre Dame,2.5,0.889,1.611,1.6712659519472928,0.189,0.213,-0.023999999999999994,-0.48169810519420486,38.3,11.11,27.189999999999998,2.1358013416444996,1.108456396132529
Howard,1.65,1.1,0.5499999999999998,0.5531562309162125,0.247,0.147,0.1,1.6277809657230835,,,,,1.090468598319648
UNI,1.95,1.368,0.5819999999999999,0.5868786730208256,0.251,0.155,0.096,1.5597332537580095,,,,,1.0733059633894175
Ohio St.,1.95,0.849,1.101,1.1338145309050205,0.203,0.207,-0.003999999999999976,-0.14145954536883548,38.6,10.67,27.93,2.2012076991621896,1.0645208948994582
Towson,1.26,0.895,0.365,0.3581983624989178,0.26,0.152,0.10800000000000001,1.7638763896532312,,,,,1.0610373760760745
SMU,1.88,1.706,0.17399999999999993,0.15691753618700793,0.276,0.175,0.10100000000000003,1.6447928937143523,40.1,21.78,18.32,1.3518089211284092,1.0511731170099232
Mercer,2.37,1.204,1.1660000000000001,1.2023132414300162,0.226,0.169,0.056999999999999995,0.8962680620985397,,,,,1.049290651764278
TCU,2.52,0.905,1.615,1.6754812572103694,0.264,0.195,0.069,1.1004111979937614,33.2,27.6,5.600000000000001,0.22752666758109547,1.0011397075950754
Auburn,2.58,0.789,1.791,1.8609546887857418,0.238,0.193,0.044999999999999984,0.6921249262033181,25.3,19.22,6.080000000000002,0.2699524129979753,0.9410106759956784
Louisville,1.39,1.278,0.11199999999999988,0.09158030460931987,0.257,0.139,0.118,1.9339956695659155,36.2,24.22,11.980000000000004,0.7914355337471226,0.9390038359741194
Wisconsin,1.33,0.889,0.44100000000000006,0.4382891624973741,0.303,0.168,0.13499999999999998,2.223198445417479,25.1,21.44,3.66,0.05605594652120632,0.9058478514786864
Kansas,1.64,0.859,0.7809999999999999,0.7965901098588888,0.297,0.196,0.10099999999999998,1.6447928937143514,31.7,25.89,5.809999999999999,0.24608793120098013,0.8958236449247402
North Carolina,2.19,1.0,1.19,1.2276050730084758,0.248,0.182,0.066,1.049375414019956,34.0,26.44,7.559999999999999,0.4007651280333543,0.8925818716872621
Army West Point,1.63,0.989,0.6409999999999999,0.6490544256512062,0.189,0.182,0.007000000000000006,0.045671662535117195,35.2,10.33,24.870000000000005,1.9307435721295814,0.875156553438635
Milwaukee,2.45,1.15,1.3000000000000003,1.3435259677430837,0.217,0.189,0.027999999999999997,0.4029221503517546,,,,,0.8732240590474192
Southern California,1.74,0.676,1.064,1.0948229572215615,0.235,0.169,0.06599999999999998,1.0493754140199556,30.6,22.22,8.380000000000003,0.47324244312052427,0.8724802714540137
Vanderbilt,2.06,0.667,1.393,1.4415318151096155,,,,,28.0,21.7,6.300000000000001,0.2893975463140451,0.8654646807118302
Arizona St.,1.68,1.421,0.2589999999999999,0.2464927730273866,0.277,0.161,0.11600000000000002,1.899971813583379,31.6,23.78,7.82,0.42374574013416433,0.8567367755816434
UConn,1.9,0.896,1.004,1.0315933782754119,0.233,0.179,0.05400000000000002,0.8452322781247348,31.7,21.3,10.399999999999999,0.6517841217498929,0.8428699260500131
Tulane,,,,,0.221,0.218,0.0030000000000000027,-0.02237604942995668,41.0,18.7,22.3,1.7035890602100372,0.8406065053900402
Boise St.,1.82,0.864,0.9560000000000001,0.9810097151184921,0.217,0.204,0.013000000000000012,0.14774323048272803,43.8,25.11,18.689999999999998,1.3845120998872538,0.8377550151628247
BYU,1.75,1.35,0.3999999999999999,0.3950822835508383,0.261,0.189,0.07200000000000001,1.1514469819675668,33.7,19.78,13.920000000000002,0.9629062548070114,0.8364785067751388
Tennessee,1.11,1.151,-0.040999999999999925,-0.06965512170336159,0.284,0.245,0.03899999999999998,0.5900533582557073,37.6,12.56,25.04,1.9457693569647259,0.8220558645056905
Minnesota,1.84,1.053,0.7870000000000001,0.802913067753504,0.245,0.175,0.07,1.1174231259850298,26.7,17.7,9.0,0.5280423642839938,0.8161261860075092
High Point,1.47,1.208,0.262,0.2496542519746942,0.251,0.166,0.08499999999999999,1.3726020458540564,,,,,0.8111281489143753
Indiana,1.65,1.118,0.5319999999999998,0.5341873572323675,0.209,0.239,-0.03,-0.5837696731418157,43.9,13.8,30.099999999999998,2.3930074232343332,0.7811417024416283
New Hampshire,1.39,0.778,0.6119999999999999,0.6184934624939005,0.225,0.166,0.059,0.9302919180810767,,,,,0.7743926902874886
James Madison,2.1,1.236,0.8640000000000001,0.8840576940677294,0.229,0.225,0.0040000000000000036,-0.005364121438688211,35.3,16.44,18.859999999999996,1.3995378847223985,0.7594104857838132
Stony Brook,2.35,1.0,1.35,1.3962172835315416,0.203,0.192,0.01100000000000001,0.11371937450019108,,,,,0.7549683290158663
Canisius,2.0,0.737,1.263,1.3045343940596246,0.213,0.197,0.015999999999999986,0.19877901445653295,,,,,0.7516567042580787
Miami (FL),1.12,1.294,-0.17399999999999993,-0.20981402170066005,0.242,0.192,0.04999999999999999,0.7771845661596605,45.0,23.1,21.9,1.6682342723626373,0.7452016056072126
Idaho,1.75,1.038,0.712,0.7238760940708167,,,,,,,,,0.7238760940708167
Texas St.,1.95,1.055,0.895,0.9167263098565732,0.236,0.2,0.035999999999999976,0.5390175742819019,33.1,22.0,11.100000000000001,0.7136550004828428,0.7231329615404393
Utah,1.42,1.0,0.41999999999999993,0.41615880986622156,0.26,0.166,0.094,1.5257093977754728,22.6,17.11,5.490000000000002,0.21780410092306057,0.719890769521585
South Carolina,2.05,0.95,1.0999999999999999,1.1327607045892512,0.227,0.216,0.01100000000000001,0.11371937450019108,30.2,17.56,12.64,0.849770933695332,0.6987503375949248
Hofstra,1.53,1.156,0.3740000000000001,0.36768279934084036,0.232,0.17,0.062,0.9813277020548821,,,,,0.6745052506978613
Oklahoma,2.11,1.167,0.9429999999999998,0.9673099730134929,0.266,0.203,0.063,0.9983396300461506,25.1,21.9,3.200000000000003,0.015397940496696778,0.6603491811854468
Western Caro.,2.48,0.476,2.004,2.0854196940445733,0.164,0.207,-0.04299999999999998,-0.8049247370283054,,,,,0.640247478508134
Oregon,0.83,1.833,-1.0030000000000001,-1.083436037473295,0.269,0.175,0.09400000000000003,1.5257093977754732,35.7,16.0,19.700000000000003,1.4737829392019388,0.638685433168039
Xavier,2.43,0.849,1.5810000000000002,1.639651162474218,0.206,0.223,-0.017000000000000015,-0.36261460925532607,,,,,0.6385182766094459
Georgetown,2.11,0.474,1.636,1.6976116098415217,0.21,0.231,-0.02100000000000002,-0.43066232122039994,,,,,0.6334746443105609
Radford,2.28,1.164,1.1159999999999999,1.1496219256415579,0.206,0.195,0.010999999999999982,0.11371937450019061,,,,,0.6316706500708742
Colorado St.,1.48,0.762,0.718,0.7301990519654317,0.295,0.204,0.091,1.4746736138016672,23.6,24.11,-0.509999999999998,-0.3125177167879365,0.6307849829930541
Saint Louis,2.29,0.481,1.8090000000000002,1.879923562469587,0.192,0.225,-0.033,-0.6348054571156211,,,,,0.6225590526769829
Nebraska,1.41,1.824,-0.41400000000000015,-0.462732337485259,0.295,0.162,0.13299999999999998,2.189174589434942,23.6,19.11,4.490000000000002,0.12941713130456106,0.6186197944180815
Pepperdine,2.1,1.15,0.9500000000000002,0.9746867572238773,0.22,0.201,0.01899999999999999,0.24981479843033838,,,,,0.6122507778271078
Florida St.,3.11,0.884,2.226,2.319369136145327,0.275,0.201,0.07400000000000001,1.1854708379501038,13.3,29.8,-16.5,-1.7258253609877439,0.5930048710358956
Texas A&M,1.47,1.263,0.20700000000000007,0.1916938046073904,0.247,0.184,0.063,0.9983396300461506,30.9,21.22,9.68,0.5881455036245734,0.5927263127593715
UC Davis,2.05,1.187,0.8629999999999998,0.8830038677519598,0.215,0.193,0.021999999999999992,0.3008505824041438,,,,,0.5919272250780518
Ole Miss,1.0,2.0,-1.0,-1.0802745585259874,0.234,0.191,0.04300000000000001,0.6581010702207817,40.7,12.9,27.800000000000004,2.189717393111785,0.5891813016021931
Utah Valley,2.68,1.684,0.9960000000000002,1.0231627677492587,0.208,0.195,0.012999999999999984,0.14774323048272756,,,,,0.5854529991159931
LMU (CA),1.72,1.167,0.5529999999999999,0.55631770986352,0.214,0.174,0.04000000000000001,0.6070652862469762,,,,,0.5816914980552481
Yale,1.5,1.375,0.125,0.10528004671431909,0.278,0.212,0.06600000000000003,1.0493754140199565,,,,,0.5773277303671378
Duke,3.18,0.765,2.415,2.5185423098256985,0.189,0.24,-0.05099999999999999,-0.9410201609584531,26.8,22.1,4.699999999999999,0.14797839492444573,0.5751668479305637
Liberty,1.95,0.619,1.331,1.3761945835319276,0.206,0.209,-0.0030000000000000027,-0.1244476173775675,30.9,22.62,8.279999999999998,0.46440374615867386,0.572050237437678
Santa Clara,2.16,0.842,1.318,1.3624948414269284,0.209,0.219,-0.010000000000000009,-0.24353111331644678,,,,,0.5594818640552408
Western Ky.,0.94,1.5,-0.56,-0.6165909795875565,0.302,0.194,0.10799999999999998,1.7638763896532308,30.3,22.11,8.190000000000001,0.4564489188930092,0.5345781096528945
Western Mich.,2.35,0.7,1.6500000000000001,1.7123651782622902,0.239,0.211,0.027999999999999997,0.4029221503517546,31.3,34.3,-2.9999999999999964,-0.532601271138,0.5275620191586815
Ohio,1.8,0.7,1.1,1.1327607045892514,0.228,0.213,0.015000000000000013,0.18176708646526496,26.6,20.67,5.93,0.25669436755520014,0.5237407195365722
Memphis,1.95,0.678,1.2719999999999998,1.3140188309015468,0.193,0.213,-0.01999999999999999,-0.413650393229131,33.5,23.1,10.399999999999999,0.6517841217498929,0.5173841864741029
Baylor,1.38,1.19,0.18999999999999995,0.17377875723931452,0.255,0.193,0.062,0.9813277020548821,33.6,26.11,7.490000000000002,0.39457804016005965,0.5165614998180854
Omaha,1.11,0.778,0.3320000000000001,0.3234220940785355,0.222,0.176,0.04600000000000001,0.709136854194587,,,,,0.5162794741365613
Delaware,0.95,0.946,0.0040000000000000036,-0.022232937493749414,0.241,0.175,0.066,1.049375414019956,,,,,0.5135712382631034
Quinnipiac,1.6,0.7,0.9000000000000001,0.9219954414354192,0.179,0.171,0.00799999999999998,0.0626835905263852,,,,,0.4923395159809022
Grand Canyon,1.35,1.053,0.29700000000000015,0.286538173026615,0.236,0.191,0.044999999999999984,0.6921249262033181,,,,,0.48933154961496655
Kentucky,1.58,0.684,0.896,0.9177801361723424,0.252,0.191,0.061,0.9643157740636137,19.0,20.78,-1.7800000000000011,-0.4247691682034311,0.4857755806775083
Iowa,1.84,0.52,1.32,1.364602494058467,0.203,0.236,-0.032999999999999974,-0.6348054571156206,29.4,18.2,11.2,0.7224936974446926,0.48409691146251294
Binghamton,1.67,1.427,0.24299999999999988,0.22963155197508,0.25,0.203,0.046999999999999986,0.7261487821858551,,,,,0.47789016708046755
East Carolina,1.2,0.78,0.41999999999999993,0.41615880986622156,0.235,0.185,0.04999999999999999,0.7771845661596605,32.4,26.78,5.619999999999997,0.22929440697346512,0.4742125943331157
Boston College,2.0,1.158,0.8420000000000001,0.8608735151208078,0.211,0.183,0.027999999999999997,0.4029221503517546,27.6,23.0,4.600000000000001,0.13913969796259595,0.46764512114505274
Washington,1.26,0.572,0.6880000000000001,0.6985842624923569,0.241,0.186,0.05499999999999999,0.8622442061160028,21.8,20.6,1.1999999999999993,-0.16137599874030256,0.4664841566226858
FDU,1.6,1.15,0.4500000000000002,0.44777359933929667,0.222,0.19,0.032,0.47096986231682847,,,,,0.4593717308280626
South Alabama,1.63,1.368,0.2619999999999998,0.24965425197469396,0.223,0.195,0.027999999999999997,0.4029221503517546,35.6,24.78,10.82,0.6889066489896628,0.44716101710537043
La Salle,1.67,1.222,0.44799999999999995,0.4456659467077581,,,,,,,,,0.4456659467077581
Illinois,1.78,1.333,0.44700000000000006,0.44461212039198905,0.235,0.188,0.046999999999999986,0.7261487821858551,25.9,21.11,4.789999999999999,0.15593322219011066,0.4422313749226516
Tennessee Tech,1.55,1.533,0.017000000000000126,-0.008533195388750187,0.218,0.162,0.055999999999999994,0.8792561341072713,,,,,0.43536146935926057
Duquesne,1.88,1.412,0.46799999999999997,0.46674247302314137,0.23,0.203,0.026999999999999996,0.3859102223604861,,,,,0.42632634769181377
Bowling Green,1.17,1.222,-0.052000000000000046,-0.0812472111768225,0.246,0.183,0.063,0.9983396300461506,27.1,20.2,6.900000000000002,0.3424297280851449,0.41984071565149095
Elon,1.72,0.944,0.776,0.7913209782800431,0.198,0.191,0.007000000000000006,0.045671662535117195,,,,,0.41849632040758017
Georgia Tech,,,,,0.239,0.2,0.03899999999999998,0.5900533582557073,27.7,21.9,5.800000000000001,0.24520406150479532,0.4176287098802513
Alabama,2.05,1.429,0.6209999999999998,0.6279778993358228,0.205,0.254,-0.049000000000000016,-0.9069963049759167,38.1,18.0,20.1,1.5091377270493385,0.4100397738030816
Vermont,1.67,1.262,0.4079999999999999,0.40351289407699165,,,,,,,,,0.40351289407699165
Portland,1.8,0.85,0.9500000000000001,0.9746867572238772,0.216,0.222,-0.006000000000000005,-0.1754834013513729,,,,,0.3996016779362522
Loyola Chicago,1.05,0.684,0.366,0.3592521888146869,0.245,0.215,0.03,0.43694600633429154,,,,,0.39809909757448925
Saint Joseph's,1.2,0.8,0.3999999999999999,0.3950822835508383,,,,,,,,,0.3950822835508383
USC Upstate,1.83,1.065,0.7650000000000001,0.7797288888065824,0.193,0.19,0.0030000000000000027,-0.02237604942995668,,,,,0.3786764196883129
North Texas,2.0,1.0,1.0,1.0273780730123352,0.226,0.212,0.014000000000000012,0.1647551584739965,36.6,34.33,2.270000000000003,-0.06680194124850775,0.3751104300792747
Georgia,1.55,0.95,0.6000000000000001,0.6058475467046708,0.222,0.235,-0.012999999999999984,-0.2945668972902517,30.6,18.44,12.16,0.8073451882784521,0.3728752792309571
Missouri,1.35,2.059,-0.7090000000000001,-0.7736111006371615,0.3,0.219,0.08099999999999999,1.3045543338889825,28.0,18.44,9.559999999999999,0.5775390672703533,0.3694941001740581
Southeastern La.,1.0,1.632,-0.6319999999999999,-0.692466474322936,0.244,0.156,0.088,1.4236378298278618,,,,,0.3655856777524629
American,1.33,1.533,-0.20299999999999985,-0.24037498485796563,0.227,0.167,0.06,0.9473038460723452,,,,,0.3534644306071898
Oklahoma St.,2.0,0.714,1.286,1.3287723993223153,,,,,27.8,31.9,-4.099999999999998,-0.6298269377183496,0.3494727308019828
Virginia,1.88,1.0,0.8799999999999999,0.9009189151200357,0.213,0.182,0.031,0.45395793432556003,26.0,26.67,-0.6700000000000017,-0.32665963192689673,0.3427390725062331
Detroit Mercy,1.85,1.5,0.3500000000000001,0.3423909677623804,,,,,,,,,0.3423909677623804
Texas Tech,2.15,0.7,1.45,1.5015999151084578,0.196,0.207,-0.010999999999999982,-0.2605430413077148,35.5,35.1,0.3999999999999986,-0.23208557443510222,0.3363237664552136
Utah Tech,1.35,1.412,-0.06199999999999983,-0.09178547433451388,0.214,0.168,0.045999999999999985,0.7091368541945866,,,,,0.30867568993003636
A&M-Corpus Christi,1.4,1.2,0.19999999999999996,0.18431702039700615,0.262,0.233,0.028999999999999998,0.4199340783430231,,,,,0.3021255493700146
Washington St.,1.37,1.053,0.31700000000000017,0.3076146993419982,0.198,0.207,-0.00899999999999998,-0.22651918532517784,39.3,27.0,12.299999999999997,0.8197193640250419,0.3002716260139541
UNLV,1.25,1.3,-0.050000000000000044,-0.07913955854528418,0.209,0.216,-0.007000000000000006,-0.19249532934264135,39.8,23.78,16.019999999999996,1.14851889100586,0.2922946677059781
Harvard,1.75,1.125,0.625,0.6321932045988997,0.198,0.197,0.0010000000000000009,-0.05639990541249362,,,,,0.28789664959320305
Stanford,1.39,0.833,0.5569999999999999,0.5605330151265967,0.309,0.198,0.11099999999999999,1.8149121736270362,20.4,34.56,-14.160000000000004,-1.5189998520804553,0.28548177889105913
Ga. Southern,1.21,1.368,-0.15800000000000014,-0.19295280064835368,0.265,0.177,0.08800000000000002,1.4236378298278622,29.2,30.44,-1.240000000000002,-0.37704020460944143,0.28454827485668904
Mississippi St.,1.95,0.419,1.531,1.5869598466857597,0.229,0.217,0.01200000000000001,0.13073130249145953,27.6,34.4,-6.799999999999997,-0.8684717556882983,0.28307313116297367
Denver,1.79,1.158,0.6320000000000001,0.639569988809284,0.22,0.221,-0.0010000000000000009,-0.09042376139503056,,,,,0.27457311370712667
Florida,0.72,1.056,-0.3360000000000001,-0.38053388485526435,0.307,0.219,0.088,1.4236378298278618,28.1,27.56,0.5400000000000027,-0.21971139868851192,0.27446418209469514
Missouri St.,1.6,1.05,0.55,0.5531562309162127,0.216,0.213,0.0030000000000000027,-0.02237604942995668,,,,,0.265390090743128
Wake Forest,1.94,0.659,1.281,1.3235032677434695,0.187,0.175,0.01200000000000001,0.13073130249145953,28.1,32.67,-4.57,-0.6713688134390446,0.2609552522652948
Bethune-Cookman,,,,,0.178,0.159,0.01899999999999999,0.24981479843033838,,,,,0.24981479843033838
Montana,1.53,0.52,1.01,1.0379163361700268,0.184,0.212,-0.027999999999999997,-0.5497458171592787,,,,,0.24408525950537402
South Fla.,1.74,0.572,1.1680000000000001,1.2044208940615544,0.236,0.226,0.009999999999999981,0.09670744650892213,25.2,28.78,-3.580000000000002,-0.5838657135167302,0.23908754235124877
Long Beach St.,1.11,1.5,-0.3899999999999999,-0.4374405059067989,0.218,0.16,0.057999999999999996,0.9132799900898082,,,,,0.23791974209150465
Grambling,2.1,1.526,0.5740000000000001,0.5784480624946725,0.163,0.165,-0.0020000000000000018,-0.10743568938629904,,,,,0.23550618655418673
San Diego St.,1.95,1.667,0.2829999999999999,0.27178460460584647,0.262,0.19,0.07200000000000001,1.1514469819675668,21.8,26.89,-5.09,-0.7173300376406644,0.2353005163109163
Drake,1.29,1.429,-0.139,-0.17293010064873948,0.217,0.178,0.03900000000000001,0.5900533582557078,,,,,0.20856162880348417
Eastern Wash.,1.74,1.203,0.5369999999999999,0.5394564888112134,0.199,0.203,-0.0040000000000000036,-0.14145954536883595,,,,,0.19899847172118873
UTRGV,1.26,1.211,0.04899999999999993,0.02518924671586277,0.253,0.227,0.025999999999999995,0.36889829436921767,,,,,0.19704377054254021
ETSU,1.19,1.385,-0.19500000000000006,-0.23194437433181259,0.202,0.161,0.04100000000000001,0.6240772142382447,,,,,0.19606641995321605
Toledo,0.89,0.889,0.0010000000000000009,-0.0253944164410569,0.203,0.193,0.010000000000000009,0.0967074465089226,29.9,21.1,8.799999999999997,0.5103649703602936,0.19389266680938644
Cal Poly,1.16,1.474,-0.31400000000000006,-0.3573497059083428,0.248,0.2,0.04799999999999999,0.7431607101771235,,,,,0.19290550213439034
UCLA,1.41,0.318,1.0919999999999999,1.1243300940630978,0.248,0.22,0.027999999999999997,0.4029221503517546,18.8,26.67,-7.870000000000001,-0.9630458131800931,0.18806881041158643
UTEP,0.82,1.059,-0.239,-0.2783127322256556,0.285,0.161,0.12399999999999997,2.036067237513526,19.2,29.7,-10.5,-1.1955035432767467,0.18741698733704118
Marquette,1.1,1.7,-0.5999999999999999,-0.6587440322183227,0.26,0.196,0.064,1.015351558037419,,,,,0.1783037629095482
UIW,0.89,0.895,-0.0050000000000000044,-0.03171737433567187,0.222,0.195,0.026999999999999996,0.3859102223604861,,,,,0.1770964240124071
UIC,1.05,1.25,-0.19999999999999996,-0.23721350591065826,0.23,0.192,0.038000000000000006,0.5730414302644393,,,,,0.16791396217689053
Cincinnati,1.26,1.421,-0.16100000000000003,-0.19611427959566105,0.237,0.209,0.027999999999999997,0.4029221503517546,28.6,22.22,6.380000000000003,0.2964685038835252,0.16775879154653958
Wright St.,1.12,2.0,-0.8799999999999999,-0.9538154006336879,0.261,0.181,0.08000000000000002,1.2875424058977145,,,,,0.16686350263201333
Arizona,1.68,0.895,0.7849999999999999,0.8008054151219655,0.255,0.207,0.048000000000000015,0.743160710177124,22.1,31.11,-9.009999999999998,-1.0638069585451824,0.1600530555846357
Samford,1.76,1.524,0.236,0.222254767764696,0.223,0.213,0.010000000000000009,0.0967074465089226,,,,,0.1594811071368093
Morehead St.,1.14,0.99,0.1499999999999999,0.13162570460854803,0.209,0.194,0.014999999999999986,0.1817670864652645,,,,,0.15669639553690626
Old Dominion,1.2,0.841,0.359,0.3518754046043028,0.218,0.192,0.025999999999999995,0.36889829436921767,25.4,25.22,0.17999999999999972,-0.25153070775117203,0.15641433040744948
Utah St.,2.7,0.609,2.091,2.1771025835164903,0.217,0.222,-0.0050000000000000044,-0.15847147336010442,27.8,42.33,-14.529999999999998,-1.5517030308392996,0.15564269310569542
Rice,1.5,1.112,0.3879999999999999,0.3824363677616084,0.238,0.203,0.034999999999999976,0.5220056462906334,21.7,23.7,-2.0,-0.44421430151950086,0.15340923751091365
Furman,1.6,1.35,0.25,0.23700833618546427,0.208,0.2,0.00799999999999998,0.0626835905263852,,,,,0.14984596335592473
Jacksonville St.,2.21,1.684,0.526,0.5278643993377528,0.172,0.209,-0.037000000000000005,-0.702853169080695,39.2,29.22,9.980000000000004,0.6146615945101236,0.14655760825572714
Colgate,1.37,1.789,-0.4189999999999998,-0.46800146906410445,0.244,0.197,0.046999999999999986,0.7261487821858551,,,,,0.12907365656087533
Sacramento St.,0.95,1.113,-0.16300000000000003,-0.1982219322271994,0.229,0.199,0.03,0.43694600633429154,,,,,0.11936203705354607
Iowa St.,1.06,1.556,-0.496,-0.54914609537833,0.222,0.213,0.009000000000000008,0.07969551851765413,31.1,18.78,12.32,0.8214871034174122,0.11734550885224541
Eastern Ky.,1.26,1.373,-0.11299999999999999,-0.14553061643874127,0.227,0.201,0.025999999999999995,0.36889829436921767,,,,,0.1116838389652382
Boston U.,1.45,1.321,0.129,0.10949535197739575,,,,,,,,,0.10949535197739575
Murray St.,1.28,1.167,0.11299999999999999,0.09263413092508915,0.214,0.204,0.010000000000000009,0.0967074465089226,,,,,0.09467078871700588
Ball St.,1.78,1.444,0.3360000000000001,0.3276373993416122,0.267,0.185,0.08200000000000002,1.3215662618802515,27.0,40.1,-13.100000000000001,-1.4253096642848455,0.07463133231233939
Chattanooga,1.0,1.256,-0.256,-0.29622777959373137,0.23,0.2,0.03,0.43694600633429154,,,,,0.07035911337028009
UC Irvine,1.0,1.105,-0.10499999999999998,-0.13710000591258797,0.2,0.181,0.019000000000000017,0.24981479843033885,,,,,0.05635739625887544
South Dakota,1.22,1.711,-0.4910000000000001,-0.5438769637994844,0.227,0.185,0.04200000000000001,0.6410891422295132,,,,,0.048606089215014414
Idaho St.,0.53,1.647,-1.117,-1.2035722374709792,0.259,0.18,0.07900000000000001,1.2705304779064461,,,,,0.03347912021773347
California,2.26,1.526,0.7339999999999998,0.747060273017738,0.183,0.25,-0.067,-1.2132110088187487,28.7,19.33,9.370000000000001,0.5607455430428386,0.03153160241394267
UC Santa Barbara,1.23,0.891,0.33899999999999997,0.3307988782889196,0.217,0.229,-0.01200000000000001,-0.2775549692989837,,,,,0.02662195449496793
Louisiana,1.3,1.1,0.19999999999999996,0.18431702039700615,0.158,0.214,-0.055999999999999994,-1.0260798009147953,35.2,21.78,13.420000000000002,0.9187127699977617,0.025649996493324185
Michigan St.,2.05,0.735,1.315,1.3593333624796209,0.205,0.238,-0.033,-0.6348054571156211,19.8,24.11,-4.309999999999999,-0.6483882013382346,0.025379901341921734
Colorado,1.35,0.95,0.40000000000000013,0.3950822835508386,0.206,0.257,-0.05100000000000002,-0.9410201609584535,32.4,22.56,9.84,0.6022874187635333,0.018783180451972803
West Virginia,1.74,0.941,0.799,0.8155589835427338,0.207,0.238,-0.031,-0.6007816011330842,29.0,27.89,1.1099999999999994,-0.1693308260059675,0.015148852134560705
UCF,1.53,1.533,-0.0029999999999998916,-0.02960972170413343,0.237,0.247,-0.010000000000000009,-0.24353111331644678,33.0,26.4,6.600000000000001,0.315913637199595,0.014257600726338249
Norfolk St.,,,,,0.22,0.215,0.0050000000000000044,0.011647806552580258,,,,,0.011647806552580258
LSU,1.6,1.6,0.0,-0.02644824275682606,0.229,0.236,-0.0069999999999999785,-0.19249532934264088,30.6,24.89,5.710000000000001,0.23724923423913036,0.006101887379887806
Clemson,1.18,1.647,-0.4670000000000001,-0.5185851322210245,0.18,0.209,-0.028999999999999998,-0.5667577451505472,37.7,22.44,15.260000000000002,1.0813447940958008,-0.001332694425256964
Arkansas St.,0.81,0.938,-0.1279999999999999,-0.1613380111752786,0.224,0.14,0.08399999999999999,1.355590117862788,23.4,34.0,-10.600000000000001,-1.2043422402385968,-0.0033633778503624847
St. John's (NY),1.17,1.389,-0.21900000000000008,-0.25723620591027246,0.206,0.187,0.01899999999999999,0.24981479843033838,,,,,-0.0037107037399670417
Virginia Tech,1.42,0.74,0.6799999999999999,0.6901536519662035,0.173,0.229,-0.05600000000000002,-1.026079800914796,29.1,22.5,6.600000000000001,0.315913637199595,-0.006670837249665847
Buffalo,1.35,0.7,0.6500000000000001,0.6585388624931289,0.21,0.211,-0.0010000000000000009,-0.09042376139503056,26.9,30.7,-3.8000000000000007,-0.6033108468328,-0.011731915244900581
Northern Ky.,1.55,1.25,0.30000000000000004,0.28969965197392233,0.18,0.195,-0.015000000000000013,-0.32859075327278914,,,,,-0.019445550649433402
Brown,1.24,1.235,0.004999999999999893,-0.021179111177980367,0.215,0.212,0.0030000000000000027,-0.02237604942995668,,,,,-0.021777580303968522
Bryant,1.28,1.389,-0.10899999999999999,-0.14131531117566462,0.197,0.187,0.010000000000000009,0.0967074465089226,,,,,-0.02230393233337101
Central Mich.,1.11,1.333,-0.22299999999999986,-0.26145151117334886,0.24,0.171,0.06899999999999998,1.100411197993761,23.9,31.8,-7.900000000000002,-0.9656974222686482,-0.042245911816078695
Navy,1.62,1.571,0.049000000000000155,0.025189246715863003,0.148,0.207,-0.059,-1.077115584888601,35.7,22.22,13.480000000000004,0.9240159881748718,-0.04263678333262203
New Mexico St.,1.75,1.35,0.3999999999999999,0.3950822835508383,0.242,0.167,0.07499999999999998,1.2024827659413717,20.6,37.11,-16.509999999999998,-1.7267092306839287,-0.04304806039723955
Dartmouth,1.5,1.25,0.25,0.23700833618546427,0.179,0.194,-0.015000000000000013,-0.32859075327278914,,,,,-0.045791208543662434
Sam Houston,1.39,1.241,0.1489999999999998,0.13057187829277875,0.161,0.181,-0.01999999999999999,-0.413650393229131,24.9,20.44,4.459999999999997,0.12676552221600568,-0.0521043309067822
Little Rock,0.89,0.895,-0.0050000000000000044,-0.03171737433567187,0.184,0.184,0.0,-0.07341183340376209,,,,,-0.05256460386971698
Loyola Maryland,1.37,1.058,0.31200000000000006,0.3023455677631523,0.185,0.207,-0.021999999999999992,-0.44767424921166793,,,,,-0.07266434072425781
N.C. A&T,,,,,0.193,0.194,-0.0010000000000000009,-0.09042376139503056,,,,,-0.09042376139503056
DePaul,1.0,1.434,-0.43399999999999994,-0.48380886380064203,0.222,0.2,0.021999999999999992,0.3008505824041438,,,,,-0.09147914069824911
San Diego,0.74,2.0,-1.26,-1.3542694006259692,0.243,0.17,0.07299999999999998,1.1684589099588347,,,,,-0.09290524533356725
VCU,0.83,1.333,-0.503,-0.5565228795887142,0.25,0.224,0.025999999999999995,0.36889829436921767,,,,,-0.09381229260974824
Davidson,1.37,1.006,0.3640000000000001,0.35714453618314873,0.231,0.26,-0.028999999999999998,-0.5667577451505472,,,,,-0.10480660448369924
Northern Ariz.,0.94,1.277,-0.33699999999999997,-0.3815877111710334,0.197,0.183,0.014000000000000012,0.1647551584739965,,,,,-0.10841627634851846
Hawaii,1.24,1.286,-0.04600000000000004,-0.07492425328220752,0.243,0.236,0.007000000000000006,0.045671662535117195,22.0,22.7,-0.6999999999999993,-0.3293112410154515,-0.1195212772541806
Penn,0.81,1.25,-0.43999999999999995,-0.490131821695257,0.242,0.223,0.01899999999999999,0.24981479843033838,,,,,-0.1201585116324593
San Jose St.,0.47,1.947,-1.477,-1.5829497111478774,0.22,0.153,0.067,1.0663873420112244,28.8,24.11,4.690000000000001,0.14709452522826091,-0.12315594796946401
Saint Francis,0.94,1.222,-0.28200000000000003,-0.3236272638037296,0.201,0.193,0.008000000000000007,0.06268359052638567,,,,,-0.13047183663867196
Kansas St.,0.94,1.5,-0.56,-0.6165909795875565,0.198,0.215,-0.016999999999999987,-0.36261460925532557,31.2,21.67,9.529999999999998,0.5748874581817982,-0.1347727102203613
Mount St. Mary's,1.22,1.333,-0.11299999999999999,-0.14553061643874127,,,,,,,,,-0.14553061643874127
Wichita St.,,,,,0.217,0.222,-0.0050000000000000044,-0.15847147336010442,,,,,-0.15847147336010442
Northern Colo.,0.63,1.789,-1.1589999999999998,-1.2478329427332837,0.255,0.196,0.059,0.9302919180810767,,,,,-0.1587705123261035
Tarleton St.,1.45,0.95,0.5,0.5004649151277546,0.18,0.224,-0.04400000000000001,-0.8219366650195743,,,,,-0.16073587494590985
Jackson St.,1.06,1.938,-0.8779999999999999,-0.9517077480021495,0.224,0.184,0.04000000000000001,0.6070652862469762,,,,,-0.17232123087758666
San Francisco,0.83,1.889,-1.0590000000000002,-1.142450311156368,0.253,0.202,0.05099999999999999,0.794196494150929,,,,,-0.1741269085027195
Tulsa,1.95,1.4,0.55,0.5531562309162127,0.195,0.171,0.023999999999999994,0.33487443838668074,24.8,37.78,-12.98,-1.4147032279306255,-0.17555751954257737
NC State,1.0,1.278,-0.278,-0.31941195854065296,0.222,0.206,0.016000000000000014,0.19877901445653343,28.6,30.6,-2.0,-0.44421430151950086,-0.1882824152012068
Cornell,0.75,1.875,-1.125,-1.2120028479971325,0.231,0.178,0.05300000000000002,0.8282203501334664,,,,,-0.19189124893183307
UC San Diego,0.79,1.368,-0.5780000000000001,-0.6355598532714014,0.2,0.181,0.019000000000000017,0.24981479843033885,,,,,-0.1928725274205313
Coastal Carolina,1.05,1.298,-0.248,-0.2877971690675781,0.216,0.215,0.0010000000000000009,-0.05639990541249362,31.7,31.44,0.259999999999998,-0.2444597501816922,-0.19621894155392128
Fordham,1.89,1.421,0.46899999999999986,0.4677962993389104,0.179,0.226,-0.047000000000000014,-0.8729724489933797,,,,,-0.20258807482723462
Villanova,1.06,1.222,-0.16199999999999992,-0.1971681059114301,0.214,0.222,-0.008000000000000007,-0.20950725733390982,,,,,-0.20333768162266996
North Dakota St.,1.53,0.988,0.542,0.5447256203900593,0.181,0.233,-0.05200000000000002,-0.958032088949722,,,,,-0.20665323427983134
Purdue,1.22,1.222,-0.0020000000000000018,-0.028555895388364387,0.278,0.19,0.08800000000000002,1.4236378298278622,18.0,37.78,-19.78,-2.0157346213364224,-0.20688422896564154
Syracuse,1.17,1.673,-0.5030000000000001,-0.5565228795887144,0.19,0.191,-0.0010000000000000009,-0.09042376139503056,31.7,28.56,3.1400000000000006,0.010094722319586608,-0.21228397288805279
FIU,2.11,0.737,1.3729999999999998,1.420455288794232,0.137,0.238,-0.10099999999999998,-1.7916165605218757,24.9,24.89,0.00999999999999801,-0.2665564925863171,-0.21257258810465354
UTSA,1.17,0.833,0.33699999999999997,0.32869122565738124,0.194,0.214,-0.01999999999999999,-0.413650393229131,29.3,32.56,-3.2600000000000016,-0.5555818832388104,-0.21351368360352008
Marshall,0.94,1.438,-0.498,-0.5512537480098684,0.193,0.216,-0.022999999999999993,-0.4646861772029364,30.6,23.33,7.270000000000003,0.37513290684398987,-0.2136023394562716
Houston Christian,1.05,1.474,-0.42399999999999993,-0.4732706006429504,0.212,0.205,0.007000000000000006,0.045671662535117195,,,,,-0.2137994690539166
North Florida,1.35,1.35,0.0,-0.02644824275682606,0.216,0.236,-0.01999999999999999,-0.413650393229131,,,,,-0.22004931799297853
Saint Mary's (CA),1.28,1.222,0.05800000000000005,0.03467368355778535,0.221,0.245,-0.023999999999999994,-0.48169810519420486,,,,,-0.22351221081820977
Winthrop,0.86,1.643,-0.783,-0.8515942480040793,0.213,0.185,0.027999999999999997,0.4029221503517546,,,,,-0.22433604882616237
George Washington,0.94,2.0,-1.06,-1.143504137472137,0.24,0.195,0.044999999999999984,0.6921249262033181,,,,,-0.22568960563440948
Central Ark.,1.56,2.222,-0.6619999999999999,-0.7240812637960108,0.231,0.211,0.020000000000000018,0.2668267264216073,,,,,-0.22862726868720173
App State,1.42,1.526,-0.1060000000000001,-0.13815383222835725,0.235,0.205,0.03,0.43694600633429154,26.6,34.78,-8.18,-0.9904457737618279,-0.23055119988529785
Eastern Mich.,0.83,0.778,0.051999999999999935,0.028350725663170255,0.163,0.202,-0.03900000000000001,-0.7368770250632319,29.2,26.33,2.870000000000001,-0.013769759477408222,-0.24076535295915666
Wofford,1.25,2.55,-1.2999999999999998,-1.3964224532567355,0.224,0.166,0.057999999999999996,0.9132799900898082,,,,,-0.24157123158346366
NIU,1.53,1.158,0.3720000000000001,0.365575146709302,0.168,0.248,-0.07999999999999999,-1.4343660727052383,25.4,18.78,6.619999999999997,0.3176813765919646,-0.2503698498013239
Northwestern St.,1.67,1.6,0.06999999999999984,0.04731959934701506,0.189,0.217,-0.027999999999999997,-0.5497458171592787,,,,,-0.25121310890613185
Fresno St.,1.0,1.526,-0.526,-0.580760884851405,0.215,0.222,-0.007000000000000006,-0.19249532934264135,27.8,25.3,2.5,-0.04647293823625313,-0.2732430508100998
Lamar University,1.11,1.421,-0.31099999999999994,-0.3541882269610352,0.197,0.204,-0.0069999999999999785,-0.19249532934264088,,,,,-0.273341778151838
William & Mary,1.33,1.278,0.052000000000000046,0.028350725663170373,0.177,0.207,-0.03,-0.5837696731418157,,,,,-0.27770947373932264
Wyoming,1.21,1.421,-0.21100000000000008,-0.24880559538411917,0.224,0.187,0.037000000000000005,0.5560295022731708,21.6,31.67,-10.07,-1.157497146340792,-0.2834244131505801
Siena,1.5,1.1,0.3999999999999999,0.3950822835508383,0.178,0.231,-0.05300000000000002,-0.9750440169409905,,,,,-0.2899808666950761
Rutgers,1.35,0.937,0.41300000000000003,0.40878202565583754,0.184,0.248,-0.064,-1.1621752248449433,25.8,24.11,1.6900000000000013,-0.11806638362723762,-0.2904865276054478
North Dakota,1.44,1.444,-0.0040000000000000036,-0.03066354801990271,0.181,0.21,-0.028999999999999998,-0.5667577451505472,,,,,-0.29871064658522495
Wagner,1.05,1.316,-0.266,-0.306766042751423,,,,,,,,,-0.306766042751423
Massachusetts,1.81,1.095,0.7150000000000001,0.7270375730181243,,,,,19.2,31.67,-12.470000000000002,-1.369625873425191,-0.3212941502035333
CSU Bakersfield,1.26,1.421,-0.16100000000000003,-0.19611427959566105,0.217,0.24,-0.022999999999999993,-0.4646861772029364,,,,,-0.3304002283992987
Purdue Fort Wayne,1.0,1.5,-0.5,-0.5533614006414067,0.212,0.215,-0.0030000000000000027,-0.1244476173775675,,,,,-0.3389045090094871
Presbyterian,1.44,1.152,0.28800000000000003,0.27705373618469237,0.167,0.22,-0.05299999999999999,-0.9750440169409901,,,,,-0.3489951403781488
LIU,1.31,1.938,-0.6279999999999999,-0.6882511690598593,0.19,0.187,0.0030000000000000027,-0.02237604942995668,,,,,-0.35531360924490796
Southern Ill.,0.95,1.105,-0.15500000000000003,-0.1897913217010461,0.185,0.212,-0.026999999999999996,-0.5327338891680102,,,,,-0.36126260543452815
UMES,,,,,0.184,0.201,-0.017000000000000015,-0.36261460925532607,,,,,-0.36261460925532607
The Citadel,1.44,2.167,-0.7269999999999999,-0.7925799743210062,0.19,0.182,0.008000000000000007,0.06268359052638567,,,,,-0.3649481918973103
New Mexico,1.28,1.278,0.0020000000000000018,-0.024340590125287737,0.175,0.193,-0.018000000000000016,-0.3796265372465945,33.4,38.3,-4.899999999999999,-0.7005365134131494,-0.3681678802616772
Rider,0.82,1.353,-0.533,-0.5881376690617891,0.205,0.212,-0.007000000000000006,-0.19249532934264135,,,,,-0.39031649920221523
Miami (OH),1.37,1.151,0.21900000000000008,0.20433972039662035,0.147,0.225,-0.07800000000000001,-1.4003422167227018,23.2,20.0,3.1999999999999993,0.015397940496696464,-0.3935348519431283
Indiana St.,1.62,0.857,0.7630000000000001,0.7776212361750441,0.159,0.249,-0.09,-1.604485352617923,,,,,-0.41343205822143947
Bradley,,,,,0.176,0.196,-0.020000000000000018,-0.41365039322913144,,,,,-0.41365039322913144
UMass Lowell,1.0,1.368,-0.3680000000000001,-0.4142563269598776,,,,,,,,,-0.4142563269598776
Niagara,0.88,1.176,-0.29599999999999993,-0.3383808322244978,0.168,0.193,-0.024999999999999994,-0.49871003318547336,,,,,-0.41854543270498556
UNC Greensboro,1.11,1.105,0.0050000000000001155,-0.021179111177980135,0.199,0.243,-0.043999999999999984,-0.8219366650195737,,,,,-0.4215578880987769
Coppin St.,,,,,0.204,0.225,-0.02100000000000002,-0.43066232122039994,,,,,-0.43066232122039994
California Baptist,1.37,0.947,0.42300000000000015,0.4193202888135293,0.184,0.255,-0.07100000000000001,-1.2812587207838224,,,,,-0.4309692159851466
SIUE,1.06,1.438,-0.3779999999999999,-0.4247945901175689,0.18,0.204,-0.023999999999999994,-0.48169810519420486,,,,,-0.4532463476558869
Longwood,0.84,1.249,-0.40900000000000014,-0.4574632059064132,,,,,,,,,-0.4574632059064132
Belmont,1.14,1.19,-0.050000000000000044,-0.07913955854528418,0.179,0.225,-0.04600000000000001,-0.8559605210021112,,,,,-0.4675500397736977
Illinois St.,0.7,1.45,-0.75,-0.8168179795836971,0.21,0.213,-0.0030000000000000027,-0.1244476173775675,,,,,-0.4706327984806323
Michigan,0.72,2.0,-1.28,-1.3753459269413526,0.233,0.202,0.031,0.45395793432556003,20.4,23.0,-2.6000000000000014,-0.4972464832906007,-0.47287815863546445
Middle Tenn.,2.05,1.769,0.2809999999999999,0.26967695197430813,0.212,0.204,0.008000000000000007,0.06268359052638567,17.2,34.0,-16.8,-1.7523414518732936,-0.4733269697908666
Oregon St.,1.22,1.444,-0.22399999999999998,-0.26250533748911814,0.214,0.247,-0.033,-0.6348054571156211,25.8,28.78,-2.9800000000000004,-0.5308335317456304,-0.4760481087834565
Lehigh,0.94,2.176,-1.2360000000000002,-1.3289775690475096,0.21,0.184,0.025999999999999995,0.36889829436921767,,,,,-0.480039637339146
Kansas City,1.22,1.067,0.15300000000000002,0.13478718355585564,0.185,0.247,-0.062,-1.1281513688624063,,,,,-0.49668209265327534
Maryland,0.84,1.842,-1.0020000000000002,-1.0823822111575259,0.221,0.217,0.0040000000000000036,-0.005364121438688211,27.4,29.0,-1.6000000000000014,-0.4088595136721012,-0.4988686154227717
Green Bay,1.24,1.758,-0.518,-0.5723302743252516,0.19,0.212,-0.021999999999999992,-0.44767424921166793,,,,,-0.5100022617684598
UAB,1.06,1.235,-0.17500000000000004,-0.21086784801642933,0.203,0.213,-0.009999999999999981,-0.2435311133164463,25.4,35.0,-9.600000000000001,-1.1159552706200973,-0.523451410650991
Jacksonville,1.06,1.701,-0.641,-0.7019509111648585,0.194,0.212,-0.017999999999999988,-0.37962653724659406,,,,,-0.5407887242057263
Seattle U,1.53,0.833,0.6970000000000001,0.7080686993342794,0.159,0.26,-0.101,-1.7916165605218761,,,,,-0.5417739305937983
Butler,1.68,1.04,0.6399999999999999,0.648000599335437,0.148,0.246,-0.098,-1.7405807765480708,,,,,-0.5462900886063169
Fla. Atlantic,0.83,1.667,-0.8370000000000001,-0.9085008690556141,0.22,0.195,0.024999999999999994,0.3518863663779492,22.9,32.22,-9.32,-1.0912069191269174,-0.5492738072681941
UNC Asheville,1.0,2.353,-1.3530000000000002,-1.4522752479925014,0.2,0.175,0.025000000000000022,0.3518863663779497,,,,,-0.5501944408072759
Colorado Col.,1.05,1.55,-0.5,-0.5533614006414067,,,,,,,,,-0.5533614006414067
Rhode Island,1.17,1.0,0.16999999999999993,0.1527022309239313,0.163,0.233,-0.07,-1.264246792792554,,,,,-0.5557722809343114
Cleveland St.,0.76,2.235,-1.4749999999999999,-1.5808420585163387,0.216,0.187,0.028999999999999998,0.4199340783430231,,,,,-0.5804539900866579
Drexel,1.0,1.529,-0.5289999999999999,-0.5839223637987123,,,,,,,,,-0.5839223637987123
Eastern Ill.,1.0,1.368,-0.3680000000000001,-0.4142563269598776,0.176,0.218,-0.04200000000000001,-0.7879128090370373,,,,,-0.6010845679984574
ULM,1.85,1.493,0.357,0.34976775197276444,0.14,0.231,-0.091,-1.6214972806091914,21.6,25.11,-3.509999999999998,-0.577678625643435,-0.6164693847599539
Charleston So.,1.6,1.933,-0.33299999999999996,-0.37737240590795673,0.172,0.218,-0.04600000000000001,-0.8559605210021112,,,,,-0.616666463455034
Southeast Mo. St.,0.59,1.941,-1.351,-1.450167595360963,0.205,0.188,0.016999999999999987,0.21579094244780145,,,,,-0.6171883264565807
Georgia St.,1.16,1.613,-0.45300000000000007,-0.5038315638002562,0.2,0.205,-0.004999999999999977,-0.15847147336010395,20.8,31.89,-11.09,-1.2476518553516613,-0.6366516308373406
Northwestern,1.05,1.158,-0.10799999999999987,-0.14026148485989534,0.175,0.247,-0.07200000000000001,-1.298270648775091,19.2,21.89,-2.6900000000000013,-0.5052013105562656,-0.6479111480637506
IU Indy,1.16,1.682,-0.522,-0.5765455795883283,0.2,0.238,-0.03799999999999998,-0.719865097071963,,,,,-0.6482053383301456
Sacred Heart,0.84,1.526,-0.686,-0.7493730953744708,0.174,0.202,-0.028000000000000025,-0.5497458171592792,,,,,-0.649559456266875
Montana St.,,,,,0.19,0.225,-0.035,-0.6688293130981581,,,,,-0.6688293130981581
Weber St.,0.9,2.4,-1.5,-1.607187716410568,0.203,0.183,0.020000000000000018,0.2668267264216073,,,,,-0.6701804949944803
Northeastern,1.0,1.778,-0.778,-0.8463251164252336,0.177,0.202,-0.025000000000000022,-0.4987100331854738,,,,,-0.6725175748053537
Seton Hall,0.58,1.579,-0.999,-1.079220732210218,0.191,0.203,-0.01200000000000001,-0.2775549692989837,,,,,-0.6783878507546008
Tennessee St.,,,,,0.167,0.203,-0.036000000000000004,-0.6858412410894265,,,,,-0.6858412410894265
Valparaiso,0.83,2.389,-1.5589999999999997,-1.6693634690409482,0.202,0.183,0.019000000000000017,0.24981479843033885,,,,,-0.7097743353053046
Stetson,1.21,1.632,-0.42199999999999993,-0.47116294801141206,0.149,0.201,-0.05200000000000002,-0.958032088949722,,,,,-0.7145975184805671
Bellarmine,1.4,1.813,-0.41300000000000003,-0.4616785111694897,0.179,0.233,-0.05400000000000002,-0.992055944932259,,,,,-0.7268672280508743
Texas Southern,1.05,1.517,-0.46699999999999986,-0.5185851322210242,0.128,0.179,-0.05099999999999999,-0.9410201609584531,,,,,-0.7298026465897387
CSUN,0.79,1.474,-0.6839999999999999,-0.7472654427429324,0.199,0.237,-0.03799999999999998,-0.719865097071963,,,,,-0.7335652699074477
Providence,0.94,1.389,-0.44900000000000007,-0.49961625853717956,0.175,0.228,-0.05300000000000002,-0.9750440169409905,,,,,-0.7373301377390851
UNCW,0.83,1.556,-0.7260000000000001,-0.7915261480052372,0.171,0.208,-0.03699999999999998,-0.7028531690806945,,,,,-0.7471896585429658
Robert Morris,1.11,1.577,-0.46699999999999986,-0.5185851322210242,0.17,0.224,-0.05399999999999999,-0.9920559449322585,,,,,-0.7553205385766413
Troy,0.76,1.706,-0.946,-1.0233679374744526,0.205,0.231,-0.026000000000000023,-0.5157219611767423,22.4,27.78,-5.380000000000003,-0.7429622588300294,-0.7606840524937414
UMBC,1.06,1.833,-0.7729999999999999,-0.8410559848463877,0.199,0.235,-0.035999999999999976,-0.685841241089426,,,,,-0.7634486129679068
North Ala.,0.65,2.235,-1.585,-1.6967629532509467,0.207,0.193,0.013999999999999985,0.16475515847399602,,,,,-0.7660038973884753
Portland St.,0.72,1.207,-0.4870000000000001,-0.5396616585364077,0.182,0.237,-0.05499999999999999,-1.009067872923527,,,,,-0.7743647657299673
Youngstown St.,0.89,1.722,-0.832,-0.9032317374767682,0.164,0.199,-0.035,-0.6688293130981581,,,,,-0.7860305252874631
Chicago St.,0.69,2.625,-1.935,-2.065602163770153,0.194,0.163,0.031,0.45395793432556003,,,,,-0.8058221147222966
Akron,0.56,1.0,-0.43999999999999995,-0.490131821695257,0.225,0.231,-0.006000000000000005,-0.1754834013513729,18.9,36.0,-17.1,-1.7788575427588436,-0.8148242552684911
Morgan St.,,,,,0.175,0.219,-0.04400000000000001,-0.8219366650195743,,,,,-0.8219366650195743
Oral Roberts,1.41,1.44,-0.030000000000000027,-0.058063032229900925,0.147,0.236,-0.089,-1.5874734246266544,,,,,-0.8227682284282777
Houston,0.65,2.235,-1.585,-1.6967629532509467,0.218,0.21,0.008000000000000007,0.06268359052638567,15.2,22.0,-6.800000000000001,-0.8684717556882986,-0.8341837061376198
Cal St. Fullerton,1.15,1.1,0.04999999999999982,0.026243073031631814,0.17,0.266,-0.096,-1.7065569205655338,,,,,-0.840156923766951
Merrimack,1.0,1.789,-0.7889999999999999,-0.8579172058986942,,,,,,,,,-0.8579172058986942
Louisiana Tech,0.71,1.824,-1.114,-1.2004107585236719,0.158,0.223,-0.065,-1.1791871528362117,23.0,22.67,0.3299999999999983,-0.23827266230839722,-0.8726235245560936
Richmond,0.71,1.529,-0.819,-0.8895319953717691,,,,,,,,,-0.8895319953717691
Nevada,1.05,2.048,-0.998,-1.078166905894449,0.187,0.24,-0.05299999999999999,-0.9750440169409901,24.3,28.55,-4.25,-0.6430849831611247,-0.8987653019988547
Lafayette,0.87,1.067,-0.19699999999999995,-0.23405202696335078,0.139,0.227,-0.088,-1.570461496635386,,,,,-0.9022567617993684
Gonzaga,1.89,1.526,0.3639999999999999,0.3571445361831485,0.146,0.269,-0.12300000000000003,-2.1658789763297825,,,,,-0.904367220073317
Manhattan,1.35,1.0,0.3500000000000001,0.3423909677623804,0.147,0.27,-0.12300000000000003,-2.1658789763297825,,,,,-0.9117440042837011
Southern U.,0.7,1.444,-0.744,-0.810495021689082,0.136,0.192,-0.055999999999999994,-1.0260798009147953,,,,,-0.9182874113019387
Iona,1.2,1.55,-0.3500000000000001,-0.39528745327603265,0.152,0.233,-0.08100000000000002,-1.4513780006965071,,,,,-0.9233327269862699
Campbell,1.39,1.5,-0.1100000000000001,-0.1423691374914339,0.123,0.22,-0.097,-1.7235688485568021,,,,,-0.9329689930241181
Kennesaw St.,0.82,2.07,-1.25,-1.3437311374682777,0.195,0.224,-0.028999999999999998,-0.5667577451505472,,,,,-0.9552444413094124
McNeese,0.95,1.961,-1.0110000000000001,-1.0918666479994483,0.175,0.219,-0.04400000000000001,-0.8219366650195743,,,,,-0.9569016565095113
Southern Utah,0.76,2.0,-1.24,-1.333192874310586,0.19,0.222,-0.032,-0.6177935291243526,,,,,-0.9754932017174693
Abilene Christian,0.71,1.588,-0.8780000000000001,-0.9517077480021499,0.158,0.213,-0.05499999999999999,-1.009067872923527,,,,,-0.9803878104628384
NJIT,1.06,1.412,-0.35199999999999987,-0.3973951059075707,0.128,0.219,-0.091,-1.6214972806091914,,,,,-1.0094461932583811
Columbia,1.62,1.188,0.43200000000000016,0.42880472565545175,0.143,0.283,-0.13999999999999999,-2.4550817521813455,,,,,-1.013138513262947
Austin Peay,1.32,1.249,0.07099999999999995,0.04837342566278434,0.121,0.24,-0.119,-2.097831264364708,,,,,-1.0247289193509619
Charlotte,0.68,1.046,-0.366,-0.4121486743283391,0.18,0.253,-0.07300000000000001,-1.3152825767663594,21.3,34.22,-12.919999999999998,-1.4094000097535153,-1.045610420282738
Western Ill.,0.38,2.438,-2.0580000000000003,-2.19522280060976,0.214,0.204,0.010000000000000009,0.0967074465089226,,,,,-1.0492576770504187
Saint Peter's,1.29,1.824,-0.534,-0.5891914953775582,0.152,0.241,-0.089,-1.5874734246266544,,,,,-1.0883324600021063
UAlbany,0.75,2.312,-1.5619999999999998,-1.6725249479882558,0.19,0.217,-0.026999999999999996,-0.5327338891680102,,,,,-1.102629418578133
Alabama St.,1.25,2.2,-0.9500000000000002,-1.0275832427375295,0.171,0.237,-0.06599999999999998,-1.1961990808274796,,,,,-1.1118911617825047
Southern Miss.,1.4,2.133,-0.7330000000000001,-0.7989029322156214,0.168,0.205,-0.03699999999999998,-0.7028531690806945,16.2,34.22,-18.02,-1.860173554807863,-1.120643218701393
George Mason,0.79,2.105,-1.315,-1.4122298479932731,0.173,0.224,-0.05100000000000002,-0.9410201609584535,,,,,-1.1766250044758633
Air Force,1.06,1.556,-0.496,-0.54914609537833,0.148,0.251,-0.10300000000000001,-1.825640416504413,16.2,26.67,-10.470000000000002,-1.192851934188192,-1.1892128153569785
UT Martin,0.78,1.611,-0.831,-0.9021779111609991,0.162,0.245,-0.08299999999999999,-1.4854018566790437,,,,,-1.1937898839200214
West Ga.,,,,,0.158,0.225,-0.067,-1.2132110088187487,,,,,-1.2132110088187487
Evansville,0.81,1.688,-0.8779999999999999,-0.9517077480021495,0.184,0.269,-0.08500000000000002,-1.519425712661581,,,,,-1.2355667303318654
UC Riverside,0.47,1.789,-1.319,-1.4164451532563498,0.199,0.257,-0.057999999999999996,-1.0601036568973323,,,,,-1.238274405076841
Gardner-Webb,1.21,1.789,-0.579,-0.6366136795871704,0.141,0.246,-0.10500000000000001,-1.8596642724869499,,,,,-1.24813897603706
Nicholls,0.5,1.875,-1.375,-1.4754594269394228,0.168,0.224,-0.055999999999999994,-1.0260798009147953,,,,,-1.2507696139271092
VMI,1.11,2.281,-1.171,-1.260478858522514,,,,,,,,,-1.260478858522514
Prairie View,0.53,2.886,-2.356,-2.50926304270897,0.188,0.186,0.0020000000000000018,-0.03938797742122515,,,,,-1.2743255100650976
Alabama A&M,1.21,1.737,-0.5270000000000001,-0.5818147111671742,0.131,0.247,-0.11599999999999999,-2.0467954803909025,,,,,-1.3143050957790383
Central Conn. St.,1.24,1.529,-0.2889999999999999,-0.3310040480141136,0.131,0.262,-0.131,-2.3019744002599296,,,,,-1.3164892241370216
Holy Cross,0.78,1.222,-0.44199999999999995,-0.4922394743267953,0.113,0.24,-0.127,-2.2339266882948556,,,,,-1.3630830813108255
Oakland,0.53,2.211,-1.6809999999999998,-1.797930279564786,0.181,0.235,-0.05399999999999999,-0.9920559449322585,,,,,-1.3949931122485222
Pacific,0.7,3.05,-2.3499999999999996,-2.502940084814355,0.182,0.201,-0.019000000000000017,-0.396638465237863,,,,,-1.449789275026109
Temple,0.53,2.895,-2.365,-2.5187474795508926,0.204,0.216,-0.01200000000000001,-0.2775549692989837,19.2,37.22,-18.02,-1.860173554807863,-1.5521586678859132
Marist,0.53,1.412,-0.8819999999999999,-0.9559230532652262,0.14,0.264,-0.124,-2.1828909043210505,,,,,-1.5694069787931384
Kent St.,1.63,1.57,0.05999999999999983,0.03678133618932344,0.154,0.259,-0.10500000000000001,-1.8596642724869499,15.1,46.0,-30.9,-2.998597723494137,-1.6071602199305879
N.C. Central,,,,,0.129,0.223,-0.094,-1.6725330645829968,,,,,-1.6725330645829968
Mercyhurst,,,,,0.135,0.232,-0.097,-1.7235688485568021,,,,,-1.7235688485568021
St. Bonaventure,0.5,2.119,-1.6190000000000002,-1.7325930479870983,,,,,,,,,-1.7325930479870983
Hampton,1.0,2.722,-1.722,-1.8411371585113219,,,,,,,,,-1.8411371585113219
Mississippi Val.,0.87,3.133,-2.263,-2.4112571953424378,0.125,0.235,-0.10999999999999999,-1.9447239124432918,,,,,-2.1779905538928648
Delaware St.,0.22,4.667,-4.447,-4.712813868982287,0.182,0.184,-0.0020000000000000018,-0.10743568938629904,,,,,-2.410124779184293
Ark.-Pine Bluff,0.67,4.0,-3.33,-3.535689874268133,0.127,0.227,-0.1,-1.7746046325306075,,,,,-2.6551472533993703
South Carolina St.,0.31,3.8,-3.4899999999999998,-3.7043020847911987,,,,,,,,,-3.7043020847911987
